{"cameraMode":{"drawMode":0,"name":"Shaded","section":"Shading Mode"},"sceneLighting":true,"audioPlay":false,"sceneViewState":{"m_AlwaysRefresh":false,"showFog":true,"showSkybox":true,"showFlares":true,"showImageEffects":true,"showParticleSystems":true,"showVisualEffectGraphs":true,"m_FxEnabled":true},"in2DMode":false,"pivot":{"x":6.351688385009766,"y":9.65318489074707,"z":90.12486267089844},"rotation":{"x":-0.0018093512626364828,"y":0.01859642006456852,"z":-0.00003334660141263157,"w":-0.999828577041626},"size":80.08740997314453,"orthographic":false}